{
  "ambientocclusion": true,
  "gui_light": "front",
  "textures": {
    "crop": "plight:block/branch",
    "particle": "plight:block/branch"
  },
  "elements": [
    {
      "from": [
        8.82520402451538,
        -8.482178232969408,
        9.16953587838567
      ],
      "to": [
        14.82520402451538,
        -2.4821782329694084,
        9.16953587838567
      ],
      "rotation": {
        "x": 67.0,
        "y": 72.99926516429882,
        "z": 0.0,
        "origin": [
          11.82520402451538,
          -8.482178232969408,
          9.16953587838567
        ],
        "rescale": true
      },
      "faces": {
        "north": {
          "uv": [
            0,
            0,
            16,
            16
          ],
          "texture": "#crop",
          "tintindex": 0
        },
        "south": {
          "uv": [
            0,
            0,
            16,
            16
          ],
          "texture": "#crop",
          "tintindex": 0
        }
      },
      "shade": false
    }
  ]
}