{
  "ambientocclusion": true,
  "gui_light": "front",
  "textures": {
    "crop": "plight:block/branch",
    "particle": "plight:block/branch"
  },
  "elements": [
    {
      "from": [
        4.333030849875074,
        -9.595994282361083,
        9.885511111816006
      ],
      "to": [
        10.333030849875074,
        -3.595994282361083,
        9.885511111816006
      ],
      "rotation": {
        "x": 61.0,
        "y": -19.4804120594446,
        "z": 0.0,
        "origin": [
          7.333030849875074,
          -9.595994282361083,
          9.885511111816006
        ],
        "rescale": true
      },
      "faces": {
        "north": {
          "uv": [
            0,
            0,
            16,
            16
          ],
          "texture": "#crop",
          "tintindex": 0
        },
        "south": {
          "uv": [
            0,
            0,
            16,
            16
          ],
          "texture": "#crop",
          "tintindex": 0
        }
      },
      "shade": false
    }
  ]
}