{
  "ambientocclusion": true,
  "gui_light": "front",
  "textures": {
    "crop": "plight:block/branch",
    "particle": "plight:block/branch"
  },
  "elements": [
    {
      "from": [
        6.596670329728816,
        -7.457262222942399,
        9.204426775758357
      ],
      "to": [
        12.596670329728816,
        -1.4572622229423988,
        9.204426775758357
      ],
      "rotation": {
        "x": 61.0,
        "y": 52.971415108046024,
        "z": 0.0,
        "origin": [
          9.596670329728816,
          -7.457262222942399,
          9.204426775758357
        ],
        "rescale": true
      },
      "faces": {
        "north": {
          "uv": [
            0,
            0,
            16,
            16
          ],
          "texture": "#crop",
          "tintindex": 0
        },
        "south": {
          "uv": [
            0,
            0,
            16,
            16
          ],
          "texture": "#crop",
          "tintindex": 0
        }
      },
      "shade": false
    }
  ]
}