{
  "ambientocclusion": true,
  "gui_light": "front",
  "textures": {
    "crop": "plight:block/branch",
    "particle": "plight:block/branch"
  },
  "elements": [
    {
      "from": [
        5.07515830040513,
        -7.083492808198603,
        11.999293841402531
      ],
      "to": [
        11.07515830040513,
        -1.0834928081986028,
        11.999293841402531
      ],
      "rotation": {
        "x": 67.0,
        "y": 1.0766267086604984,
        "z": 0.0,
        "origin": [
          8.07515830040513,
          -7.083492808198603,
          11.999293841402531
        ],
        "rescale": true
      },
      "faces": {
        "north": {
          "uv": [
            0,
            0,
            16,
            16
          ],
          "texture": "#crop",
          "tintindex": 0
        },
        "south": {
          "uv": [
            0,
            0,
            16,
            16
          ],
          "texture": "#crop",
          "tintindex": 0
        }
      },
      "shade": false
    }
  ]
}