{
  "ambientocclusion": true,
  "gui_light": "front",
  "textures": {
    "crop": "plight:block/branch",
    "particle": "plight:block/branch"
  },
  "elements": [
    {
      "from": [
        6.797220166950355,
        -12.629016626479409,
        8.8774962515629
      ],
      "to": [
        12.797220166950355,
        -6.629016626479409,
        8.8774962515629
      ],
      "rotation": {
        "x": 41.0,
        "y": 63.975966111845935,
        "z": 0.0,
        "origin": [
          9.797220166950355,
          -12.629016626479409,
          8.8774962515629
        ],
        "rescale": true
      },
      "faces": {
        "north": {
          "uv": [
            0,
            0,
            16,
            16
          ],
          "texture": "#crop",
          "tintindex": 0
        },
        "south": {
          "uv": [
            0,
            0,
            16,
            16
          ],
          "texture": "#crop",
          "tintindex": 0
        }
      },
      "shade": false
    }
  ]
}