{
  "ambientocclusion": true,
  "gui_light": "front",
  "textures": {
    "crop": "plight:block/branch",
    "particle": "plight:block/branch"
  },
  "elements": [
    {
      "from": [
        6.621310470036219,
        -8.51927613153247,
        6.8289524519683535
      ],
      "to": [
        12.621310470036219,
        -2.51927613153247,
        6.8289524519683535
      ],
      "rotation": {
        "x": 61.0,
        "y": 125.84000086664594,
        "z": 0.0,
        "origin": [
          9.621310470036219,
          -8.51927613153247,
          6.8289524519683535
        ],
        "rescale": true
      },
      "faces": {
        "north": {
          "uv": [
            0,
            0,
            16,
            16
          ],
          "texture": "#crop",
          "tintindex": 0
        },
        "south": {
          "uv": [
            0,
            0,
            16,
            16
          ],
          "texture": "#crop",
          "tintindex": 0
        }
      },
      "shade": false
    }
  ]
}