{
  "ambientocclusion": true,
  "gui_light": "front",
  "textures": {
    "crop": "plight:block/branch",
    "particle": "plight:block/branch"
  },
  "elements": [
    {
      "from": [
        3.009403431370955,
        -7.407858459013626,
        8.193714483098892
      ],
      "to": [
        9.009403431370956,
        -1.4078584590136263,
        8.193714483098892
      ],
      "rotation": {
        "x": 61.0,
        "y": 275.55822495407006,
        "z": 0.0,
        "origin": [
          6.009403431370955,
          -7.407858459013626,
          8.193714483098892
        ],
        "rescale": true
      },
      "faces": {
        "north": {
          "uv": [
            0,
            0,
            16,
            16
          ],
          "texture": "#crop",
          "tintindex": 0
        },
        "south": {
          "uv": [
            0,
            0,
            16,
            16
          ],
          "texture": "#crop",
          "tintindex": 0
        }
      },
      "shade": false
    }
  ]
}