{
  "ambientocclusion": true,
  "gui_light": "front",
  "textures": {
    "crop": "plight:block/branch",
    "particle": "plight:block/branch"
  },
  "elements": [
    {
      "from": [
        4.439110539488668,
        -8.932088711803546,
        6.080259649565258
      ],
      "to": [
        10.439110539488668,
        -2.932088711803546,
        6.080259649565258
      ],
      "rotation": {
        "x": 61.0,
        "y": 196.28674938465997,
        "z": 0.0,
        "origin": [
          7.439110539488668,
          -8.932088711803546,
          6.080259649565258
        ],
        "rescale": true
      },
      "faces": {
        "north": {
          "uv": [
            0,
            0,
            16,
            16
          ],
          "texture": "#crop",
          "tintindex": 0
        },
        "south": {
          "uv": [
            0,
            0,
            16,
            16
          ],
          "texture": "#crop",
          "tintindex": 0
        }
      },
      "shade": false
    }
  ]
}