{
  "ambientocclusion": true,
  "gui_light": "front",
  "textures": {
    "crop": "plight:block/branch",
    "particle": "plight:block/branch"
  },
  "elements": [
    {
      "from": [
        3.980496931724023,
        -9.77148690690248,
        6.27935666282176
      ],
      "to": [
        9.980496931724023,
        -3.7714869069024797,
        6.27935666282176
      ],
      "rotation": {
        "x": 41.0,
        "y": 210.6472809743886,
        "z": 0.0,
        "origin": [
          6.980496931724023,
          -9.77148690690248,
          6.27935666282176
        ],
        "rescale": true
      },
      "faces": {
        "north": {
          "uv": [
            0,
            0,
            16,
            16
          ],
          "texture": "#crop",
          "tintindex": 0
        },
        "south": {
          "uv": [
            0,
            0,
            16,
            16
          ],
          "texture": "#crop",
          "tintindex": 0
        }
      },
      "shade": false
    }
  ]
}