{
  "ambientocclusion": true,
  "gui_light": "front",
  "textures": {
    "crop": "plight:block/branch",
    "particle": "plight:block/branch"
  },
  "elements": [
    {
      "from": [
        6.448892830459416,
        -9.610022534610161,
        6.621337762233511
      ],
      "to": [
        12.448892830459416,
        -3.6100225346101613,
        6.621337762233511
      ],
      "rotation": {
        "x": 41.0,
        "y": 133.5771844290543,
        "z": 0.0,
        "origin": [
          9.448892830459416,
          -9.610022534610161,
          6.621337762233511
        ],
        "rescale": true
      },
      "faces": {
        "north": {
          "uv": [
            0,
            0,
            16,
            16
          ],
          "texture": "#crop",
          "tintindex": 0
        },
        "south": {
          "uv": [
            0,
            0,
            16,
            16
          ],
          "texture": "#crop",
          "tintindex": 0
        }
      },
      "shade": false
    }
  ]
}